Fecha,Humedad_Media_Global,Temperatura_Promedio_Global,Bateria_V,Panel_Solar_V,alerta_sequedad_relativa,alerta_subida_brusca,alerta_caida_brusca,alerta_bateria_baja,alerta_panel_bajo,alerta_hueco_temporal,predic_humedad_futura,predic_sequedad_relativa,predic_bateria_baja,predic_panel_bajo,predic_hueco_temporal
2024-01-01,31.47,8.96,6.62,2.5,0,0,0,0,0,0,31.55,0,0,0,0
2024-01-02,31.42,8.79,6.63,4.01,0,0,0,0,0,0,31.55,0,0,0,0
2024-01-03,31.31,8.82,6.62,3.85,0,0,0,0,0,0,31.55,0,0,0,0
2024-01-04,31.35,9.37,6.6,2.78,0,0,0,0,0,0,31.55,0,0,0,0
2024-01-05,32.92,9.76,6.63,4.02,0,0,0,0,0,0,32.66,0,0,0,0
2024-01-06,32.79,9.35,6.63,3.91,0,0,0,0,0,0,32.66,0,0,0,0
2024-01-07,32.66,8.86,6.62,3.98,0,0,0,0,0,0,32.66,0,0,0,0
2024-01-08,32.53,8.3,6.61,3.89,0,0,0,0,0,0,32.66,0,0,0,0
2024-01-09,32.5,8.36,6.62,3.39,0,0,0,0,0,0,32.66,0,0,0,0
2024-01-10,32.54,8.78,6.63,3.63,0,0,0,0,0,0,32.66,0,0,0,0
2024-01-11,32.49,9.09,6.62,3.76,0,0,0,0,0,0,32.66,0,0,0,0
2024-01-12,32.37,9.03,6.63,3.93,0,0,0,0,0,0,32.66,0,0,0,0
2024-01-13,32.26,8.94,6.63,4.06,0,0,0,0,0,0,31.55,0,0,0,0
2024-01-14,32.19,9.0,6.64,4.12,0,0,0,0,0,0,31.55,0,0,0,0
2024-01-15,32.13,9.3,6.61,3.03,0,0,0,0,0,0,31.55,0,0,0,0
2024-01-16,32.29,9.89,6.61,3.3,0,0,0,0,0,0,32.66,0,0,0,0
2024-01-17,34.01,10.54,6.64,3.65,0,0,0,0,0,0,36.31,0,0,0,0
2024-01-18,35.93,11.36,6.63,3.42,0,0,0,0,0,0,36.31,0,0,0,0
2024-01-19,38.03,11.77,6.62,3.22,0,0,0,0,0,0,37.97,0,0,0,0
2024-01-20,38.27,11.53,6.63,4.02,0,0,0,0,0,0,37.97,0,0,0,0
2024-01-21,38.04,11.34,6.63,4.09,0,0,0,0,0,0,37.97,0,0,0,0
2024-01-22,37.88,11.01,6.63,4.08,0,0,0,0,0,0,37.97,0,0,0,0
2024-01-23,37.7,10.86,6.63,4.02,0,0,0,0,0,0,37.97,0,0,0,0
2024-01-24,37.53,10.97,6.63,3.99,0,0,0,0,0,0,37.97,0,0,0,0
2024-01-25,37.34,11.08,6.64,4.07,0,0,0,0,0,0,36.31,0,0,0,0
2024-01-26,37.14,11.21,6.64,4.11,0,0,0,0,0,0,36.31,0,0,0,0
2024-01-27,36.94,11.3,6.64,4.27,0,0,0,0,0,0,36.31,0,0,0,0
2024-01-28,36.71,11.26,6.64,4.16,0,0,0,0,0,0,36.31,0,0,0,0
2024-01-29,36.54,11.19,6.64,4.19,0,0,0,0,0,0,36.31,0,0,0,0
2024-01-30,36.39,11.09,6.64,4.22,0,0,0,0,0,0,36.31,0,0,0,0
2024-01-31,36.19,10.93,6.64,4.24,0,0,0,0,0,0,36.31,0,0,0,0
2024-02-01,35.99,10.74,6.63,4.31,0,0,0,0,0,0,36.31,0,0,0,0
2024-02-02,35.79,10.6,6.64,4.38,0,0,0,0,0,0,36.31,0,0,0,0
2024-02-03,35.58,10.53,6.64,4.35,0,0,0,0,0,0,36.31,0,0,0,0
2024-02-04,35.38,10.4,6.63,4.31,0,0,0,0,0,0,36.31,0,0,0,0
2024-02-05,35.18,10.3,6.64,4.35,0,0,0,0,0,0,36.31,0,0,0,0
2024-02-06,35.01,10.41,6.64,4.49,0,0,0,0,0,0,36.31,0,0,0,0
2024-02-07,34.88,10.84,6.65,4.18,0,0,0,0,0,0,36.31,0,0,0,0
2024-02-08,34.76,11.01,6.63,3.76,0,0,0,0,0,0,36.31,0,0,0,0
2024-02-09,41.87,11.18,6.57,3.15,0,1,0,0,0,0,42.3,0,0,0,0
2024-02-10,45.31,11.34,6.64,4.32,0,0,0,0,0,0,45.71,0,0,0,0
2024-02-11,45.36,11.21,6.64,3.94,0,0,0,0,0,0,45.71,0,0,0,0
2024-02-12,46.15,11.43,6.64,4.4,0,0,0,0,0,0,45.71,0,0,0,0
2024-02-13,46.01,12.17,6.65,4.38,0,0,0,0,0,0,45.71,0,0,0,0
2024-02-14,45.66,12.6,6.66,4.4,0,0,0,0,0,0,45.71,0,0,0,0
2024-02-15,45.46,12.82,6.64,4.02,0,0,0,0,0,0,45.71,0,0,0,0
2024-02-16,45.58,12.91,6.65,4.38,0,0,0,0,0,0,45.71,0,0,0,0
2024-02-17,45.24,12.82,6.65,4.49,0,0,0,0,0,0,43.91,0,0,0,0
2024-02-18,44.92,12.64,6.65,4.46,0,0,0,0,0,0,43.91,0,0,0,0
2024-02-19,44.56,12.65,6.65,4.43,0,0,0,0,0,0,43.91,0,0,0,0
2024-02-20,44.18,12.83,6.65,4.41,0,0,0,0,0,0,43.91,0,0,0,0
2024-02-21,43.83,12.91,6.65,4.5,0,0,0,0,0,0,43.91,0,0,0,0
2024-02-22,43.52,13.05,6.66,4.47,0,0,0,0,0,0,43.91,0,0,0,0
2024-02-23,43.46,12.96,6.65,4.43,0,0,0,0,0,0,43.91,0,0,0,0
2024-02-24,43.26,12.52,6.66,4.53,0,0,0,0,0,0,43.91,0,0,0,0
2024-02-25,43.13,12.19,6.65,4.07,0,0,0,0,0,0,43.91,0,0,0,0
2024-02-26,43.82,12.32,6.66,4.54,0,0,0,0,0,0,43.91,0,0,0,0
2024-02-27,43.78,11.99,6.65,4.59,0,0,0,0,0,0,43.91,0,0,0,0
2024-02-28,43.43,11.7,6.65,4.57,0,0,0,0,0,0,43.91,0,0,0,0
2024-02-29,43.15,11.63,6.65,4.58,0,0,0,0,0,0,43.91,0,0,0,0
2024-03-01,42.87,11.65,6.65,4.63,0,0,0,0,0,0,42.3,0,0,0,0
2024-03-02,42.62,11.46,6.64,4.56,0,0,0,0,0,0,42.3,0,0,0,0
2024-03-03,42.56,11.37,6.65,4.72,0,0,0,0,0,0,42.3,0,0,0,0
2024-03-04,42.41,11.51,6.66,4.74,0,0,0,0,0,0,42.3,0,0,0,0
2024-03-05,42.24,11.72,6.66,4.64,0,0,0,0,0,0,42.3,0,0,0,0
2024-03-06,41.88,11.71,6.65,4.8,0,0,0,0,0,0,42.3,0,0,0,0
2024-03-07,42.21,11.67,6.66,4.7,0,0,0,0,0,0,42.3,0,0,0,0
2024-03-08,43.16,11.49,6.66,4.78,0,0,0,0,0,0,43.91,0,0,0,0
2024-03-09,46.49,11.49,6.64,4.04,0,0,0,0,0,0,45.71,0,0,0,0
2024-03-10,46.8,11.3,6.66,4.69,0,0,0,0,0,0,45.71,0,0,0,0
2024-03-11,46.5,11.39,6.66,4.95,0,0,0,0,0,0,45.71,0,0,0,0
2024-03-12,46.11,11.6,6.66,4.71,0,0,0,0,0,0,45.71,0,0,0,0
2024-03-13,45.7,11.9,6.67,4.95,0,0,0,0,0,0,45.71,0,0,0,0
2024-03-14,45.32,12.28,6.66,4.88,0,0,0,0,0,0,45.71,0,0,0,0
2024-03-15,44.92,12.68,6.67,4.76,0,0,0,0,0,0,43.91,0,0,0,0
2024-03-16,44.39,13.16,6.67,4.82,0,0,0,0,0,0,43.91,0,0,0,0
2024-03-17,43.87,13.69,6.68,4.87,0,0,0,0,0,0,43.91,0,0,0,0
2024-03-18,43.44,14.05,6.68,4.85,0,0,0,0,0,0,43.91,0,0,0,0
2024-03-19,42.99,14.5,6.68,4.85,0,0,0,0,0,0,42.3,0,0,0,0
2024-03-20,42.61,14.75,6.67,4.62,0,0,0,0,0,0,42.3,0,0,0,0
2024-03-21,42.23,14.91,6.68,4.88,0,0,0,0,0,0,42.3,0,0,0,0
2024-03-22,41.52,15.36,6.68,4.63,0,0,0,0,0,0,42.3,0,0,0,0
2024-03-23,40.79,15.71,6.67,4.7,0,0,0,0,0,0,39.48,0,0,0,0
2024-03-24,40.25,15.72,6.66,4.43,0,0,0,0,0,0,39.48,0,0,0,0
2024-03-25,41.25,15.53,6.65,4.36,0,0,0,0,0,0,42.3,0,0,0,0
2024-03-26,43.12,14.84,6.66,5.0,0,0,0,0,0,0,43.91,0,0,0,0
2024-03-27,43.65,14.17,6.67,4.71,0,0,0,0,0,0,43.91,0,0,0,0
2024-03-28,47.38,14.08,6.66,4.5,0,0,0,0,0,0,49.19,0,0,0,0
2024-03-29,48.94,13.98,6.66,4.78,0,0,0,0,0,0,49.19,0,0,0,0
2024-03-30,50.5,13.48,6.67,4.68,0,0,0,0,0,0,49.19,0,0,0,0
2024-03-31,51.53,12.98,6.65,4.4,0,0,0,0,0,0,49.19,0,0,0,0
2024-04-01,50.1,12.7,6.67,5.15,0,0,0,0,0,0,49.19,0,0,0,0
2024-04-02,48.74,12.86,6.68,5.22,0,0,0,0,0,0,49.19,0,0,0,0
2024-04-03,47.65,13.28,6.67,5.12,0,0,0,0,0,0,49.19,0,0,0,0
2024-04-04,46.87,13.79,6.68,5.11,0,0,0,0,0,0,45.71,0,0,0,0
2024-04-05,46.12,14.29,6.68,5.08,0,0,0,0,0,0,45.71,0,0,0,0
2024-04-06,45.47,14.79,6.68,4.93,0,0,0,0,0,0,45.71,0,0,0,0
2024-04-07,44.9,15.38,6.69,5.12,0,0,0,0,0,0,43.91,0,0,0,0
2024-04-08,44.28,15.68,6.68,5.19,0,0,0,0,0,0,43.91,0,0,0,0
2024-04-09,43.75,15.5,6.68,5.44,0,0,0,0,0,0,43.91,0,0,0,0
2024-04-10,43.15,15.47,6.67,5.21,0,0,0,0,0,0,43.91,0,0,0,0
2024-04-11,42.54,15.89,6.68,5.38,0,0,0,0,0,0,42.3,0,0,0,0
2024-04-12,41.91,16.34,6.68,5.29,0,0,0,0,0,0,42.3,0,0,0,0
2024-04-13,41.39,16.75,6.68,5.3,0,0,0,0,0,0,42.3,0,0,0,0
2024-04-14,40.83,17.25,6.69,5.35,0,0,0,0,0,0,39.48,0,0,0,0
2024-04-15,40.38,17.68,6.68,5.31,0,0,0,0,0,0,39.48,0,0,0,0
2024-04-16,39.98,18.28,6.69,5.36,0,0,0,0,0,0,39.48,0,0,0,0
2024-04-17,39.52,18.73,6.69,5.44,0,0,0,0,0,0,39.48,0,0,0,0
2024-04-18,39.09,19.17,6.69,5.45,0,0,0,0,0,0,39.48,0,0,0,0
2024-04-19,38.82,19.26,6.69,5.42,0,0,0,0,0,0,39.48,0,0,0,0
2024-04-20,38.48,19.2,6.69,5.39,0,0,0,0,0,0,37.97,0,0,0,0
2024-04-21,38.34,19.05,6.69,5.21,0,0,0,0,0,0,37.97,0,0,0,0
2024-04-22,39.62,18.82,6.69,5.61,0,0,0,0,0,0,39.48,0,0,0,0
2024-04-23,39.05,18.28,6.68,5.55,0,0,0,0,0,0,39.48,0,0,0,0
2024-04-24,38.5,17.69,6.69,5.58,0,0,0,0,0,0,37.97,0,0,0,0
2024-04-25,37.96,17.53,6.69,5.59,0,0,0,0,0,0,37.97,0,0,0,0
2024-04-26,37.51,17.47,6.7,5.6,0,0,0,0,0,0,37.97,0,0,0,0
2024-04-27,38.75,17.27,6.68,5.19,0,0,0,0,0,0,39.48,0,0,0,0
2024-04-28,39.6,17.0,6.69,5.62,0,0,0,0,0,0,39.48,0,0,0,0
2024-04-29,39.2,16.69,6.68,5.55,0,0,0,0,0,0,39.48,0,0,0,0
2024-04-30,38.77,16.35,6.69,5.53,0,0,0,0,0,0,39.48,0,0,0,0
2024-05-01,40.38,16.17,6.69,5.5,0,0,0,0,0,0,39.48,0,0,0,0
2024-05-02,40.47,15.85,6.69,5.64,0,0,0,0,0,0,39.48,0,0,0,0
2024-05-03,39.99,15.91,6.69,5.48,0,0,0,0,0,0,39.48,0,0,0,0
2024-05-04,39.36,16.32,6.69,5.47,0,0,0,0,0,0,39.48,0,0,0,0
2024-05-05,38.8,16.74,6.7,5.72,0,0,0,0,0,0,39.48,0,0,0,0
2024-05-06,38.27,17.31,6.69,5.36,0,0,0,0,0,0,37.97,0,0,0,0
2024-05-07,37.66,17.68,6.69,5.4,0,0,0,0,0,0,37.97,0,0,0,0
2024-05-08,37.01,18.16,6.7,5.54,0,0,0,0,0,0,36.31,0,0,0,0
2024-05-09,36.48,18.53,6.69,5.48,0,0,0,0,0,0,36.31,0,0,0,0
2024-05-10,35.94,18.85,6.69,5.37,0,0,0,0,0,0,36.31,0,0,0,0
2024-05-11,35.38,19.48,6.7,5.36,0,0,0,0,0,0,34.18,0,0,0,0
2024-05-12,34.9,20.05,6.7,5.4,0,0,0,0,0,0,34.18,0,0,0,0
2024-05-13,34.43,20.61,6.7,5.5,0,0,0,0,0,0,34.18,0,0,0,0
2024-05-14,33.94,20.91,6.7,5.46,0,0,0,0,0,0,34.18,0,0,0,0
2024-05-15,33.45,20.69,6.69,5.5,0,0,0,0,0,0,32.66,0,0,0,0
2024-05-16,32.98,20.49,6.69,5.51,0,0,0,0,0,0,32.66,0,0,0,0
2024-05-17,32.59,20.54,6.7,5.58,0,0,0,0,0,0,32.66,0,0,0,0
2024-05-18,32.16,20.6,6.7,5.56,0,0,0,0,0,0,31.55,0,0,0,0
2024-05-19,31.73,20.75,6.7,5.63,0,0,0,0,0,0,31.55,0,0,0,0
2024-05-20,31.38,20.78,6.7,5.68,0,0,0,0,0,0,31.55,0,0,0,0
2024-05-21,31.12,20.8,6.7,5.76,0,0,0,0,0,0,31.55,0,0,0,0
2024-05-22,30.9,20.87,6.7,5.6,0,0,0,0,0,0,28.7,0,0,0,0
2024-05-23,30.74,21.18,6.71,5.65,0,0,0,0,0,0,28.7,0,0,0,0
2024-05-24,30.54,21.43,6.7,5.48,0,0,0,0,0,0,28.7,0,0,0,0
2024-05-25,30.39,21.97,6.71,5.51,0,0,0,0,0,0,28.7,0,0,0,0
2024-05-26,30.18,22.34,6.71,5.51,0,0,0,0,0,0,28.7,0,0,0,0
2024-05-27,29.96,22.76,6.7,5.47,0,0,0,0,0,0,28.7,0,0,0,0
2024-05-28,29.74,23.06,6.7,5.38,0,0,0,0,0,0,28.7,0,0,0,0
2024-05-29,29.55,23.56,6.7,5.39,0,0,0,0,0,0,28.7,0,0,0,0
2024-05-30,29.35,24.01,6.7,5.48,0,0,0,0,0,0,28.7,0,0,0,0
2024-05-31,29.13,24.51,6.71,5.28,0,0,0,0,0,0,28.7,0,0,0,0
2024-06-01,28.92,24.71,6.71,5.57,0,0,0,0,0,0,28.7,0,0,0,0
2024-06-02,28.73,24.84,6.71,5.55,0,0,0,0,0,0,28.7,0,0,0,0
2024-06-03,28.52,24.85,6.7,5.53,0,0,0,0,0,0,28.7,0,0,0,0
2024-06-04,28.32,24.87,6.7,5.56,0,0,0,0,0,0,28.7,0,0,0,0
2024-06-05,28.14,25.05,6.7,5.35,0,0,0,0,0,0,28.7,0,0,0,0
2024-06-06,27.96,25.14,6.7,5.43,0,0,0,0,0,0,28.7,0,0,0,0
2024-06-07,27.82,24.99,6.7,5.71,0,0,0,0,0,0,28.7,0,0,0,0
2024-06-08,27.65,24.49,6.7,5.79,0,0,0,0,0,0,28.7,0,0,0,0
2024-06-09,27.45,24.08,6.7,5.75,0,0,0,0,0,0,28.7,0,0,0,0
2024-06-10,27.3,23.86,6.69,5.53,0,0,0,0,0,0,28.7,0,0,0,0
2024-06-11,27.17,23.55,6.7,5.48,0,0,0,0,0,0,28.7,0,0,0,0
2024-06-12,27.08,22.85,6.69,5.63,0,0,0,0,0,0,28.7,0,0,0,0
2024-06-13,27.01,22.9,6.71,5.65,0,0,0,0,0,0,28.7,0,0,0,0
2024-06-14,26.9,23.23,6.7,5.67,0,0,0,0,0,0,28.7,0,0,0,0
2024-06-15,26.8,23.87,6.71,5.62,0,0,0,0,0,0,26.19,0,0,0,0
2024-06-16,26.66,24.09,6.7,5.69,0,0,0,0,0,0,26.19,0,0,0,0
2024-06-17,26.54,24.4,6.7,5.59,0,0,0,0,0,0,26.19,0,0,0,0
2024-06-18,26.42,24.49,6.71,5.99,0,0,0,0,0,0,26.19,0,0,0,0
2024-06-19,26.26,23.92,6.69,5.55,0,0,0,0,0,0,26.19,0,0,0,0
2024-06-20,26.12,23.34,6.7,5.72,0,0,0,0,0,0,26.19,0,0,0,0
2024-06-21,26.03,23.27,6.7,5.65,0,0,0,0,0,0,26.19,0,0,0,0
2024-06-22,25.98,23.86,6.7,5.45,0,0,0,0,0,0,26.19,0,0,0,0
2024-06-23,25.92,24.52,6.71,5.42,0,0,0,0,0,0,26.19,0,0,0,0
2024-06-24,25.87,25.14,6.71,5.49,0,0,0,0,0,0,26.19,0,0,0,0
2024-06-25,25.79,25.66,6.71,5.4,0,0,0,0,0,0,26.19,0,0,0,0
2024-06-26,25.69,25.61,6.71,5.55,0,0,0,0,0,0,26.19,0,0,0,0
2024-06-27,25.59,24.85,6.71,5.83,0,0,0,0,0,0,24.93,0,0,0,0
2024-06-28,25.47,24.37,6.71,5.76,0,0,0,0,0,0,24.93,0,0,0,0
2024-06-29,25.36,23.86,6.7,5.63,0,0,0,0,0,0,24.93,0,0,0,0
2024-06-30,25.29,23.63,6.68,5.64,0,0,0,0,0,0,24.93,0,0,0,0
2024-07-01,25.24,24.63,6.76,6.39,0,0,0,0,0,0,24.93,0,0,0,0
2024-07-02,25.23,24.77,6.7,5.44,0,0,0,0,0,0,24.93,0,0,0,0
2024-07-03,25.2,25.39,6.7,5.32,0,0,0,0,0,0,24.93,0,0,0,0
2024-07-04,25.16,25.99,6.7,5.28,0,0,0,0,0,0,24.93,0,0,0,0
2024-07-05,25.07,26.52,6.71,5.46,0,0,0,0,0,0,24.93,0,0,0,0
2024-07-06,24.97,26.43,6.7,5.5,0,0,0,0,0,0,24.93,0,0,0,0
2024-07-07,24.88,26.1,6.7,5.66,0,0,0,0,0,0,24.93,0,0,0,0
2024-07-08,24.79,25.96,6.7,5.5,0,0,0,0,0,0,24.93,0,0,0,0
2024-07-09,24.71,26.03,6.7,5.49,0,0,0,0,0,0,24.93,0,0,0,0
2024-07-10,24.64,26.33,6.7,5.43,0,0,0,0,0,0,24.93,0,0,0,0
2024-07-11,24.6,26.9,6.7,5.31,0,0,0,0,0,0,24.93,0,0,0,0
2024-07-12,24.55,27.48,6.7,5.25,0,0,0,0,0,0,24.93,0,0,0,0
2024-07-13,24.45,27.56,6.7,5.46,0,0,0,0,0,0,24.93,0,0,0,0
2024-07-14,24.35,27.37,6.7,5.43,0,0,0,0,0,0,24.93,0,0,0,0
2024-07-15,24.26,27.2,6.7,5.39,0,0,0,0,0,0,24.93,0,0,0,0
2024-07-16,24.2,27.39,6.7,5.29,0,0,0,0,0,0,24.93,0,0,0,0
2024-07-17,24.12,27.4,6.7,5.32,0,0,0,0,0,0,24.93,0,0,0,0
2024-07-18,24.05,27.43,6.7,5.14,0,0,0,0,0,0,24.93,0,0,0,0
2024-07-19,24.0,27.33,6.7,5.27,0,0,0,0,0,0,24.93,0,0,0,0
2024-07-20,23.96,27.84,6.7,5.31,0,0,0,0,0,0,24.93,0,0,0,0
2024-07-21,23.9,28.16,6.7,5.27,0,0,0,0,0,0,23.05,0,0,0,0
2024-07-22,23.83,28.22,6.69,5.18,0,0,0,0,0,0,23.05,0,0,0,0
2024-07-23,23.78,28.43,6.69,5.17,0,0,0,0,0,0,23.05,0,0,0,0
2024-07-24,23.7,28.53,6.69,5.23,0,0,0,0,0,0,23.05,0,0,0,0
2024-07-25,23.64,28.85,6.7,5.19,0,0,0,0,0,0,23.05,0,0,0,0
2024-07-26,23.56,28.88,6.7,5.32,0,0,0,0,0,0,23.05,0,0,0,0
2024-07-27,23.48,28.83,6.69,5.18,0,0,0,0,0,0,23.05,0,0,0,0
2024-07-28,23.42,28.83,6.7,5.23,0,0,0,0,0,0,23.05,0,0,0,0
2024-07-29,23.36,28.85,6.69,5.03,0,0,0,0,0,0,23.05,0,0,0,0
2024-07-30,23.32,28.94,6.7,5.17,0,0,0,0,0,0,23.05,0,0,0,0
2024-07-31,23.27,29.16,6.7,5.14,0,0,0,0,0,0,23.05,0,0,0,0
2024-08-01,23.21,29.21,6.69,5.16,0,0,0,0,0,0,23.05,0,0,0,0
2024-08-02,23.14,29.24,6.7,5.3,0,0,0,0,0,0,23.05,0,0,0,0
2024-08-03,23.07,29.13,6.69,5.16,0,0,0,0,0,0,23.05,0,0,0,0
2024-08-04,23.01,29.15,6.69,5.13,0,0,0,0,0,0,23.05,0,0,0,0
2024-08-05,22.95,29.24,6.69,5.11,0,0,0,0,0,0,23.05,0,0,0,0
2024-08-06,22.89,29.34,6.69,5.18,0,0,0,0,0,0,23.05,0,0,0,0
2024-08-07,22.84,29.39,6.69,5.08,0,0,0,0,0,0,23.05,0,0,0,0
2024-08-08,22.77,29.31,6.69,5.23,0,0,0,0,0,0,23.05,0,0,0,0
2024-08-09,22.72,29.34,6.69,5.09,0,0,0,0,0,0,23.05,0,0,0,0
2024-08-10,22.69,29.52,6.69,5.1,0,0,0,0,0,0,23.05,0,0,0,0
2024-08-11,22.66,29.76,6.69,5.11,0,0,0,0,0,0,23.05,0,0,0,0
2024-08-12,22.61,29.76,6.69,5.2,0,0,0,0,0,0,23.05,0,0,0,0
2024-08-13,22.55,29.47,6.69,5.33,0,0,0,0,0,0,23.05,0,0,0,0
2024-08-14,22.48,29.06,6.69,5.25,0,0,0,0,0,0,23.05,0,0,0,0
2024-08-15,22.44,28.97,6.69,5.18,0,0,0,0,0,0,23.05,0,0,0,0
2024-08-16,22.38,28.68,6.68,5.15,0,0,0,0,0,0,21.63,0,0,0,0
2024-08-17,22.33,28.64,6.68,5.04,0,0,0,0,0,0,21.63,0,0,0,0
2024-08-18,22.3,28.72,6.68,5.1,0,0,0,0,0,0,21.63,0,0,0,0
2024-08-19,22.29,29.02,6.68,5.03,0,0,0,0,0,0,21.63,0,0,0,0
2024-08-20,22.27,29.15,6.68,5.16,0,0,0,0,0,0,21.63,0,0,0,0
2024-08-21,22.25,29.28,6.68,5.01,0,0,0,0,0,0,21.63,0,0,0,0
2024-08-22,22.21,29.35,6.68,5.04,0,0,0,0,0,0,21.63,0,0,0,0
2024-08-23,22.17,29.23,6.69,5.07,0,0,0,0,0,0,21.63,0,0,0,0
2024-08-24,22.14,29.09,6.68,4.98,0,0,0,0,0,0,21.63,0,0,0,0
2024-08-25,22.11,29.18,6.68,4.84,0,0,0,0,0,0,21.63,0,0,0,0
2024-08-26,22.08,29.25,6.68,4.89,0,0,0,0,0,0,21.63,0,0,0,0
2024-08-27,22.06,29.25,6.68,4.86,0,0,0,0,0,0,21.63,0,0,0,0
2024-08-28,22.03,29.27,6.68,4.87,0,0,0,0,0,0,21.63,0,0,0,0
2024-08-29,22.01,29.15,6.68,4.97,0,0,0,0,0,0,21.63,0,0,0,0
2024-08-30,21.98,28.93,6.68,4.81,0,0,0,0,0,0,21.63,0,0,0,0
2024-08-31,21.96,28.92,6.69,4.81,0,0,0,0,0,0,21.63,0,0,0,0
2024-09-01,21.94,28.95,6.69,5.02,0,0,0,0,0,0,21.63,0,0,0,0
2024-09-02,21.9,28.8,6.68,4.84,0,0,0,0,0,0,21.63,0,0,0,0
2024-09-03,21.85,28.55,6.68,4.84,0,0,0,0,0,0,21.63,0,0,0,0
2024-09-04,21.78,28.04,6.68,4.83,0,0,0,0,0,0,21.63,0,0,0,0
2024-09-05,21.74,27.76,6.68,4.84,0,0,0,0,0,0,21.63,0,0,0,0
2024-09-06,21.7,27.55,6.68,4.82,0,0,0,0,0,0,21.63,0,0,0,0
2024-09-07,21.63,26.99,6.67,4.43,0,0,0,0,0,0,21.63,0,0,0,0
2024-09-08,21.6,26.6,6.68,4.82,0,0,0,0,0,0,21.63,0,0,0,0
2024-09-09,21.57,26.5,6.67,4.75,0,0,0,0,0,0,21.63,0,0,0,0
2024-09-10,21.55,26.38,6.67,4.76,0,0,0,0,0,0,21.63,0,0,0,0
2024-09-11,21.54,26.29,6.68,4.77,0,0,0,0,0,0,21.63,0,0,0,0
2024-09-12,21.53,26.18,6.67,4.7,0,0,0,0,0,0,21.63,0,0,0,0
2024-09-13,21.51,26.12,6.67,4.5,0,0,0,0,0,0,21.63,0,0,0,0
2024-09-14,21.52,26.36,6.68,4.58,0,0,0,0,0,0,21.63,0,0,0,0
2024-09-15,21.51,26.45,6.67,4.59,0,0,0,0,0,0,21.63,0,0,0,0
2024-09-16,21.49,26.37,6.67,4.54,0,0,0,0,0,0,21.63,0,0,0,0
2024-09-17,21.46,26.21,6.67,4.73,0,0,0,0,0,0,21.63,0,0,0,0
2024-09-18,21.47,26.07,6.68,4.59,0,0,0,0,0,0,21.63,0,0,0,0
2024-09-19,21.44,25.9,6.68,4.59,0,0,0,0,0,0,21.63,0,0,0,0
2024-09-20,21.42,25.65,6.67,4.62,0,0,0,0,0,0,21.63,0,0,0,0
2024-09-21,21.41,25.64,6.67,4.73,0,0,0,0,0,0,21.63,0,0,0,0
2024-09-22,21.39,25.49,6.67,4.74,0,0,0,0,0,0,21.63,0,0,0,0
2024-09-23,21.36,25.28,6.68,4.71,0,0,0,0,0,0,21.63,0,0,0,0
2024-09-24,21.28,24.72,6.67,4.74,0,0,0,0,0,0,21.63,0,0,0,0
2024-09-25,21.21,24.14,6.66,4.58,0,0,0,0,0,0,21.63,0,0,0,0
2024-09-26,21.22,24.21,6.67,4.73,0,0,0,0,0,0,21.63,0,0,0,0
2024-09-27,21.23,24.32,6.67,4.57,0,0,0,0,0,0,21.63,0,0,0,0
2024-09-28,21.16,23.92,6.66,4.59,0,0,0,0,0,0,21.63,0,0,0,0
2024-09-29,21.12,23.72,6.66,4.47,0,0,0,0,0,0,21.63,0,0,0,0
2024-09-30,21.1,23.68,6.66,4.49,0,0,0,0,0,0,21.63,0,0,0,0
2024-10-01,21.1,23.7,6.67,4.72,0,0,0,0,0,0,21.63,0,0,0,0
2024-10-02,21.09,23.63,6.67,4.51,0,0,0,0,0,0,21.63,0,0,0,0
2024-10-03,21.12,23.96,6.67,4.57,0,0,0,0,0,0,21.63,0,0,0,0
2024-10-04,21.13,24.01,6.67,4.51,0,0,0,0,0,0,21.63,0,0,0,0
2024-10-05,21.14,24.1,6.66,4.41,0,0,0,0,0,0,21.63,0,0,0,0
2024-10-06,21.15,24.07,6.66,4.64,0,0,0,0,0,0,21.63,0,0,0,0
2024-10-07,21.1,23.66,6.65,4.12,0,0,0,0,0,0,21.63,0,0,0,0
2024-10-08,21.13,22.87,6.66,4.47,0,0,0,0,0,0,21.63,0,0,0,0
2024-10-09,21.16,22.18,6.66,3.87,0,0,0,0,0,0,21.63,0,0,0,0
2024-10-10,21.19,21.65,6.66,4.61,0,0,0,0,0,0,21.63,0,0,0,0
2024-10-11,21.17,21.11,6.66,4.29,0,0,0,0,0,0,21.63,0,0,0,0
2024-10-12,21.94,20.92,6.59,2.81,0,0,0,0,0,0,21.63,0,0,0,0
2024-10-13,23.4,20.63,6.63,4.27,0,0,0,0,0,0,23.05,0,0,0,0
2024-10-14,23.65,20.6,6.67,3.98,0,0,0,0,0,0,23.05,0,0,0,0
2024-10-15,24.14,20.75,6.65,3.59,0,0,0,0,0,0,24.93,0,0,0,0
2024-10-16,30.81,20.41,6.67,4.09,0,1,0,0,0,0,28.7,0,0,0,0
2024-10-17,33.82,20.04,6.67,4.49,0,0,0,0,0,0,32.66,0,0,0,0
2024-10-18,33.05,19.47,6.66,4.26,0,0,0,0,0,0,32.66,0,0,0,0
2024-10-19,32.28,19.26,6.66,4.06,0,0,0,0,0,0,31.55,0,0,0,0
2024-10-20,31.5,19.28,6.66,4.33,0,0,0,0,0,0,31.55,0,0,0,0
2024-10-21,30.64,19.28,6.66,4.09,0,0,0,0,0,0,28.7,0,0,0,0
2024-10-22,29.76,19.36,6.66,4.22,0,0,0,0,0,0,28.7,0,0,0,0
2024-10-23,28.97,19.42,6.66,4.17,0,0,0,0,0,0,28.7,0,0,0,0
2024-10-24,28.26,19.46,6.66,4.02,0,0,0,0,0,0,28.7,0,0,0,0
2024-10-25,27.76,19.34,6.64,3.67,0,0,0,0,0,0,28.7,0,0,0,0
2024-10-26,27.49,18.53,6.62,3.83,0,0,0,0,0,0,28.7,0,0,0,0
2024-10-27,27.26,17.52,6.64,3.98,0,0,0,0,0,0,28.7,0,0,0,0
2024-10-28,27.0,16.68,6.64,4.25,0,0,0,0,0,0,28.7,0,0,0,0
2024-10-29,28.59,16.42,6.62,3.13,0,0,0,0,0,0,28.7,0,0,0,0
2024-10-30,30.98,16.17,6.63,3.18,0,0,0,0,0,0,31.55,0,0,0,0
2024-10-31,31.92,16.11,6.65,3.72,0,0,0,0,0,0,31.55,0,0,0,0
2024-11-01,32.1,16.44,6.66,4.04,0,0,0,0,0,0,31.55,0,0,0,0
2024-11-02,31.67,16.76,6.66,3.86,0,0,0,0,0,0,31.55,0,0,0,0
2024-11-03,31.01,16.8,6.65,3.78,0,0,0,0,0,0,31.55,0,0,0,0
2024-11-04,30.4,16.82,6.67,3.83,0,0,0,0,0,0,28.7,0,0,0,0
2024-11-05,29.91,16.86,6.66,3.88,0,0,0,0,0,0,28.7,0,0,0,0
2024-11-06,29.27,16.9,6.65,3.74,0,0,0,0,0,0,28.7,0,0,0,0
2024-11-07,28.59,16.89,6.66,3.81,0,0,0,0,0,0,28.7,0,0,0,0
2024-11-08,28.07,16.79,6.65,3.72,0,0,0,0,0,0,28.7,0,0,0,0
2024-11-09,27.74,16.94,6.65,3.85,0,0,0,0,0,0,28.7,0,0,0,0
2024-11-10,27.25,16.87,6.65,3.88,0,0,0,0,0,0,28.7,0,0,0,0
2024-11-11,26.72,16.64,6.64,3.78,0,0,0,0,0,0,26.19,0,0,0,0
2024-11-12,26.28,16.38,6.64,3.85,0,0,0,0,0,0,26.19,0,0,0,0
2024-11-13,26.02,15.86,6.59,2.86,0,0,0,0,0,0,26.19,0,0,0,0
2024-11-14,25.99,15.27,6.63,3.46,0,0,0,0,0,0,26.19,0,0,0,0
2024-11-15,25.88,15.31,6.66,3.9,0,0,0,0,0,0,26.19,0,0,0,0
2024-11-16,25.64,15.52,6.65,3.81,0,0,0,0,0,0,24.93,0,0,0,0
2024-11-17,25.43,15.59,6.65,3.52,0,0,0,0,0,0,24.93,0,0,0,0
2024-11-18,25.31,15.61,6.65,3.76,0,0,0,0,0,0,24.93,0,0,0,0
2024-11-19,25.15,15.77,6.66,3.89,0,0,0,0,0,0,24.93,0,0,0,0
2024-11-20,24.92,15.81,6.66,3.92,0,0,0,0,0,0,24.93,0,0,0,0
2024-11-21,24.74,15.57,6.64,3.28,0,0,0,0,0,0,24.93,0,0,0,0
2024-11-22,24.66,15.4,6.63,3.45,0,0,0,0,0,0,24.93,0,0,0,0
2024-11-23,24.55,15.5,6.64,3.77,0,0,0,0,0,0,24.93,0,0,0,0
2024-11-24,24.35,15.27,6.64,3.41,0,0,0,0,0,0,24.93,0,0,0,0
2024-11-25,24.86,15.16,6.64,3.19,0,0,0,0,0,0,24.93,0,0,0,0
2024-11-26,25.5,14.87,6.64,3.8,0,0,0,0,0,0,24.93,0,0,0,0
2024-11-27,25.13,14.62,6.64,3.75,0,0,0,0,0,0,24.93,0,0,0,0
2024-11-28,24.78,14.44,6.64,3.77,0,0,0,0,0,0,24.93,0,0,0,0
2024-11-29,24.52,14.33,6.64,3.66,0,0,0,0,0,0,24.93,0,0,0,0
2024-11-30,24.32,14.15,6.64,3.76,0,0,0,0,0,0,24.93,0,0,0,0
2024-12-01,24.13,14.11,6.64,3.74,0,0,0,0,0,0,24.93,0,0,0,0
2024-12-02,24.02,14.12,6.64,3.51,0,0,0,0,0,0,24.93,0,0,0,0
2024-12-03,23.9,14.06,6.64,3.77,0,0,0,0,0,0,23.05,0,0,0,0
2024-12-04,23.8,14.1,6.64,3.84,0,0,0,0,0,0,23.05,0,0,0,0
2024-12-05,23.7,14.01,6.65,3.76,0,0,0,0,0,0,23.05,0,0,0,0
2024-12-06,23.6,13.84,6.63,3.7,0,0,0,0,0,0,23.05,0,0,0,0
2024-12-07,23.53,13.73,6.64,3.78,0,0,0,0,0,0,23.05,0,0,0,0
2024-12-08,23.42,13.36,6.63,3.79,0,0,0,0,0,0,23.05,0,0,0,0
2024-12-09,23.29,12.71,6.62,3.8,0,0,0,0,0,0,23.05,0,0,0,0
2024-12-10,23.18,12.03,6.62,3.78,0,0,0,0,0,0,23.05,0,0,0,0
2024-12-11,23.1,11.49,6.62,3.77,0,0,0,0,0,0,23.05,0,0,0,0
2024-12-12,23.06,11.04,6.62,3.48,0,0,0,0,0,0,23.05,0,0,0,0
2024-12-13,23.05,11.1,6.63,3.82,0,0,0,0,0,0,23.05,0,0,0,0
2024-12-14,23.02,10.97,6.64,3.84,0,0,0,0,0,0,23.05,0,0,0,0
2024-12-15,22.99,10.73,6.63,3.81,0,0,0,0,0,0,23.05,0,0,0,0
2024-12-16,22.95,10.45,6.63,3.79,0,0,0,0,0,0,23.05,0,0,0,0
2024-12-17,22.91,10.34,6.63,3.81,0,0,0,0,0,0,23.05,0,0,0,0
2024-12-18,22.88,10.52,6.64,3.6,0,0,0,0,0,0,23.05,0,0,0,0
2024-12-19,22.88,10.65,6.64,3.41,0,0,0,0,0,0,23.05,0,0,0,0
2024-12-20,22.88,10.9,6.64,3.82,0,0,0,0,0,0,23.05,0,0,0,0
2024-12-21,22.82,10.61,6.63,3.83,0,0,0,0,0,0,23.05,0,0,0,0
2024-12-22,22.78,10.28,6.63,3.79,0,0,0,0,0,0,23.05,0,0,0,0
2024-12-23,22.75,10.16,6.63,3.83,0,0,0,0,0,0,23.05,0,0,0,0
2024-12-24,22.72,10.18,6.63,3.74,0,0,0,0,0,0,23.05,0,0,0,0
2024-12-25,22.7,10.05,6.62,3.74,0,0,0,0,0,0,23.05,0,0,0,0
2024-12-26,22.67,9.98,6.63,3.76,0,0,0,0,0,0,23.05,0,0,0,0
2024-12-27,22.65,10.0,6.64,3.75,0,0,0,0,0,0,23.05,0,0,0,0
2024-12-28,22.63,9.91,6.63,3.76,0,0,0,0,0,0,23.05,0,0,0,0
2024-12-29,22.62,9.68,6.63,3.81,0,0,0,0,0,0,23.05,0,0,0,0
2024-12-30,22.59,9.47,6.63,3.8,0,0,0,0,0,0,23.05,0,0,0,0
2024-12-31,22.58,9.2,6.63,4.96,0,0,0,0,0,0,23.05,0,0,0,0
2025-01-01,22.55,9.38,6.66,2.2,0,0,0,0,0,0,23.05,0,0,0,0
2025-01-02,22.55,9.03,6.63,3.8,0,0,0,0,0,0,23.05,0,0,0,0
2025-01-03,22.54,8.89,6.64,3.9,0,0,0,0,0,0,23.05,0,0,0,0
2025-01-04,22.54,8.77,6.63,3.84,0,0,0,0,0,0,23.05,0,0,0,0
2025-01-05,22.55,9.0,6.63,3.49,0,0,0,0,0,0,23.05,0,0,0,0
2025-01-06,25.12,9.71,6.64,3.56,0,0,0,0,0,0,24.93,0,0,0,0
2025-01-07,25.76,9.68,6.64,3.92,0,0,0,0,0,0,26.19,0,0,0,0
2025-01-08,25.72,9.4,6.64,3.81,0,0,0,0,0,0,26.19,0,0,0,0
2025-01-09,26.19,9.8,6.64,3.65,0,0,0,0,0,0,26.19,0,0,0,0
2025-01-10,26.28,10.17,6.65,3.65,0,0,0,0,0,0,26.19,0,0,0,0
2025-01-11,26.27,10.5,6.64,3.42,0,0,0,0,0,0,26.19,0,0,0,0
2025-01-12,26.25,10.91,6.65,3.64,0,0,0,0,0,0,26.19,0,0,0,0
2025-01-13,26.08,10.53,6.64,3.83,0,0,0,0,0,0,26.19,0,0,0,0
2025-01-14,25.9,9.71,6.62,3.84,0,0,0,0,0,0,26.19,0,0,0,0
2025-01-15,25.72,9.08,6.62,3.96,0,0,0,0,0,0,26.19,0,0,0,0
2025-01-16,25.59,8.56,6.63,4.02,0,0,0,0,0,0,24.93,0,0,0,0
2025-01-17,25.48,8.34,6.65,4.45,0,0,0,0,0,0,24.93,0,0,0,0
2025-01-18,25.44,8.04,6.66,4.42,0,0,0,0,0,0,24.93,0,0,0,0
2025-01-19,25.45,7.78,6.65,4.33,0,0,0,0,0,0,24.93,0,0,0,0
2025-01-20,25.87,8.02,6.63,3.35,0,0,0,0,0,0,26.19,0,0,0,0
2025-01-21,30.48,8.76,6.65,3.85,0,0,0,0,0,0,28.7,0,0,0,0
2025-01-22,30.47,9.82,6.66,3.71,0,0,0,0,0,0,28.7,0,0,0,0
2025-01-23,30.92,10.68,6.66,3.91,0,0,0,0,0,0,13.68,0,0,0,0
2025-01-24,13.68,12.97,6.51,1.41,0,0,1,0,0,0,1.18,0,0,1,0
2025-01-25,1.18,11.43,6.49,0.55,0,0,1,0,1,0,0.82,0,0,1,0
2025-01-26,1.21,11.92,6.49,0.36,0,0,0,0,1,0,0.82,0,0,1,0
2025-01-27,1.28,15.34,6.5,0.66,0,0,0,0,1,0,0.82,0,0,1,0
2025-01-28,1.17,10.41,6.48,0.72,0,0,0,0,1,0,0.82,0,0,1,0
2025-01-29,1.2,7.44,6.47,0.48,0,0,0,0,1,0,0.82,0,0,1,0
2025-01-30,1.17,9.77,6.48,1.09,0,0,0,0,1,0,0.82,0,0,1,0
2025-01-31,0.54,7.5,6.47,1.15,0,0,0,0,1,0,0.38,0,0,1,0
2025-02-01,0.08,6.27,6.46,1.1,0,0,0,0,1,0,0.21,0,0,1,0
2025-02-02,0.06,8.54,6.46,0.68,0,0,0,0,1,0,0.21,0,0,1,0
2025-02-03,0.05,9.53,6.46,0.7,0,0,0,0,1,0,0.21,0,0,1,0
2025-02-04,0.08,7.99,6.46,1.21,0,0,0,0,1,0,0.21,0,0,1,0
2025-02-05,0.1,7.41,6.45,1.26,0,0,0,0,1,0,0.21,0,0,1,0
2025-02-06,0.09,7.13,6.44,1.29,0,0,0,0,0,0,0.21,0,0,0,0
2025-02-07,0.09,6.78,6.44,1.12,0,0,0,0,1,0,0.21,0,0,1,0
2025-02-08,0.04,10.22,6.44,0.91,0,0,0,0,1,0,0.21,0,0,1,0
2025-02-09,0.06,8.05,6.43,1.33,0,0,0,0,0,0,0.21,0,0,0,0
2025-02-10,0.51,8.67,6.43,1.56,0,0,0,0,0,0,0.38,0,0,0,0
2025-02-11,1.0,10.02,6.43,1.37,0,0,0,0,0,0,0.82,0,0,0,0
2025-02-12,0.89,12.61,6.42,0.95,0,0,0,0,1,0,0.82,0,0,1,0
2025-02-13,0.87,9.37,6.41,1.35,0,0,0,0,0,0,0.82,0,0,0,0
2025-02-14,0.87,9.86,6.41,0.84,0,0,0,0,1,0,0.82,0,0,1,0
2025-02-15,0.89,9.4,6.4,0.57,0,0,0,0,1,0,0.82,0,0,1,0
2025-02-16,0.87,10.84,6.4,0.49,0,0,0,1,1,0,0.82,0,1,1,0
2025-02-17,0.81,11.5,6.39,0.18,0,0,0,1,1,0,0.82,0,1,1,0
2025-02-18,0.7,11.14,6.39,0.3,0,0,0,1,1,0,0.82,0,1,1,0
2025-02-19,0.71,12.74,6.39,0.36,0,0,0,1,1,0,0.82,0,1,1,0
2025-02-20,0.7,12.96,6.38,0.33,0,0,0,1,1,0,0.82,0,1,1,0
2025-02-21,0.7,11.97,6.37,0.31,0,0,0,1,1,0,0.82,0,1,1,0
2025-02-22,0.71,12.8,6.37,0.26,0,0,0,1,1,0,0.82,0,1,1,0
2025-02-23,0.71,10.58,6.36,0.31,0,0,0,1,1,0,0.82,0,1,1,0
2025-02-24,0.5,9.78,6.35,0.69,0,0,0,1,1,0,0.38,0,1,1,0
2025-02-25,0.26,9.16,6.35,0.92,0,0,0,1,1,0,0.21,0,1,1,0
2025-02-26,0.25,11.16,6.34,1.34,0,0,0,1,0,0,0.21,0,1,0,0
2025-02-27,0.22,11.63,6.34,1.03,0,0,0,1,1,0,0.21,0,1,1,0
2025-02-28,0.24,9.91,6.33,0.49,0,0,0,1,1,0,0.21,0,1,1,0
2025-03-01,0.24,13.08,6.33,0.7,0,0,0,1,1,0,0.21,0,1,1,0
2025-03-02,0.21,10.95,6.32,0.53,0,0,0,1,1,0,0.21,0,1,1,0
2025-03-03,0.24,12.61,6.31,1.01,0,0,0,1,1,0,0.21,0,1,1,0
2025-03-04,0.26,13.48,6.31,0.98,0,0,0,1,1,0,0.21,0,1,1,0
2025-03-05,0.25,13.01,6.3,0.62,0,0,0,1,1,0,0.21,0,1,1,0
2025-03-06,0.28,15.45,6.3,1.31,0,0,0,1,0,0,0.38,0,1,0,0
2025-03-07,0.28,14.06,6.29,0.54,0,0,0,1,1,0,0.38,0,1,1,0
2025-03-08,0.26,11.43,6.27,0.25,0,0,0,1,1,0,0.21,0,1,1,0
2025-03-09,0.23,9.97,6.27,0.89,0,0,0,1,1,0,0.21,0,1,1,0
2025-03-10,0.25,10.78,6.27,0.52,0,0,0,1,1,0,0.21,0,1,1,0
2025-03-11,0.27,12.31,6.26,0.76,0,0,0,1,1,0,0.38,0,1,1,0
2025-03-12,0.25,10.85,6.25,0.51,0,0,0,1,1,0,0.21,0,1,1,0
2025-03-13,0.26,11.18,6.25,0.49,0,0,0,1,1,0,0.21,0,1,1,0
2025-03-14,0.25,10.79,6.24,0.54,0,0,0,1,1,0,0.21,0,1,1,0
2025-03-15,0.25,9.37,6.23,0.72,0,0,0,1,1,0,0.21,0,1,1,0
2025-03-16,0.27,11.41,6.23,0.64,0,0,0,1,1,0,0.38,0,1,1,0
2025-03-17,0.27,11.58,6.22,0.39,0,0,0,1,1,0,0.38,0,1,1,0
2025-03-18,0.75,13.35,6.22,0.68,0,0,0,1,1,0,0.82,0,1,1,0
2025-03-19,0.29,13.84,6.21,1.0,0,0,0,1,1,0,0.38,0,1,1,0
2025-03-20,0.28,12.97,6.2,0.51,0,0,0,1,1,0,0.38,0,1,1,0
2025-03-21,0.3,12.88,6.2,0.7,0,0,0,1,1,0,0.38,0,1,1,0
2025-03-22,0.26,11.15,6.19,0.84,0,0,0,1,1,0,0.21,0,1,1,0
2025-03-23,0.24,8.39,6.18,0.46,0,0,0,1,1,0,0.21,0,1,1,0
2025-03-24,0.26,10.08,6.17,0.6,0,0,0,1,1,0,0.21,0,1,1,0
2025-03-25,0.23,11.43,6.17,0.97,0,0,0,1,1,0,0.21,0,1,1,0
2025-03-26,0.17,13.4,6.17,1.52,0,0,0,1,0,0,0.21,0,1,0,0
2025-03-27,0.19,13.9,6.16,1.45,0,0,0,1,0,0,0.21,0,1,0,0
2025-03-28,0.23,14.16,6.16,1.64,0,0,0,1,0,0,0.21,0,1,0,0
2025-03-29,0.23,15.15,6.15,1.62,0,0,0,1,0,0,0.21,0,1,0,0
2025-03-30,0.21,13.79,6.15,1.64,0,0,0,1,0,0,0.21,0,1,0,0
2025-03-31,0.24,14.41,6.14,1.66,0,0,0,1,0,0,0.21,0,1,0,0
2025-04-01,0.29,14.13,6.13,1.59,0,0,0,1,0,0,0.38,0,1,0,0
2025-04-02,0.35,15.81,6.13,1.04,0,0,0,1,1,0,0.38,0,1,1,0
2025-04-03,0.34,13.2,6.12,0.6,0,0,0,1,1,0,0.38,0,1,1,0
2025-04-04,0.35,14.28,6.11,1.03,0,0,0,1,1,0,0.38,0,1,1,0
2025-04-05,0.34,15.07,6.1,1.3,0,0,0,1,0,0,0.38,0,1,0,0
2025-04-06,0.43,13.45,6.1,0.92,0,0,0,1,1,0,0.38,0,1,1,0
2025-04-07,0.36,15.61,6.09,1.28,0,0,0,1,1,0,0.38,0,1,0,0
2025-04-08,0.35,17.4,6.09,1.29,0,0,0,1,0,0,0.38,0,1,0,0
2025-04-09,0.35,18.23,6.08,1.19,0,0,0,1,1,0,0.38,0,1,1,0
2025-04-10,0.4,19.22,6.08,0.7,0,0,0,1,1,0,0.38,0,1,1,0
2025-04-11,0.42,18.06,6.07,0.64,0,0,0,1,1,0,0.38,0,1,1,0
2025-04-12,0.43,16.87,6.06,0.5,0,0,0,1,1,0,0.38,0,1,1,0
2025-04-13,0.45,17.71,6.05,0.68,0,0,0,1,1,0,0.38,0,1,1,0
2025-04-14,0.62,17.12,6.05,0.43,0,0,0,1,1,0,0.82,0,1,1,0
2025-04-15,0.75,14.15,6.03,0.74,0,0,0,1,1,0,0.82,0,1,1,0
2025-04-16,0.72,12.58,6.02,0.72,0,0,0,1,1,0,0.82,0,1,1,0
2025-04-17,0.79,15.65,6.02,0.48,0,0,0,1,1,0,0.82,0,1,1,0
2025-04-18,0.79,16.37,6.02,0.44,0,0,0,1,1,0,0.82,0,1,1,0
2025-04-19,0.79,15.18,6.01,0.53,0,0,0,1,1,0,0.82,0,1,1,0
2025-04-20,0.75,12.82,6.0,0.36,0,0,0,1,1,0,0.82,0,1,1,0
2025-04-21,0.76,16.63,6.0,0.58,0,0,0,1,1,0,0.82,0,1,1,0
2025-04-22,0.76,17.32,6.0,0.5,0,0,0,1,1,0,0.82,0,1,1,0
2025-04-23,0.83,18.23,5.99,0.45,0,0,0,1,1,0,0.82,0,1,1,0
2025-04-24,0.88,19.46,5.98,0.45,0,0,0,1,1,0,1.87,0,1,1,0
2025-04-25,0.84,19.8,5.98,0.61,0,0,0,1,1,0,1.87,0,1,1,0
2025-04-26,0.83,20.12,5.98,0.57,0,0,0,1,1,0,1.87,0,1,1,0
2025-04-27,0.8,19.63,5.97,0.58,0,0,0,1,1,0,1.87,0,1,1,0
2025-04-28,0.74,18.91,5.96,0.59,0,0,0,1,1,0,1.87,0,1,1,0
2025-04-29,6.14,18.01,5.96,2.65,0,1,0,1,0,0,10.72,0,1,0,0
2025-04-30,11.01,16.53,5.96,3.05,0,0,0,1,0,0,10.72,0,1,0,0
2025-05-01,10.43,18.39,5.96,3.28,0,0,0,1,0,0,10.72,0,1,0,0
2025-05-02,9.67,18.26,5.96,3.21,0,0,0,1,0,0,10.72,0,1,0,0
2025-05-03,10.19,16.78,5.96,3.52,0,0,0,1,0,0,10.72,0,1,0,0
2025-05-04,9.56,16.87,5.96,3.19,0,0,0,1,0,0,10.72,0,1,0,0
2025-05-05,9.06,17.15,5.95,3.37,0,0,0,1,0,0,10.72,0,1,0,0
2025-05-06,9.51,17.54,5.95,3.25,0,0,0,1,0,0,10.72,0,1,0,0
2025-05-07,9.85,16.83,5.95,3.5,0,0,0,1,0,0,10.72,0,1,0,0
2025-05-08,10.38,16.42,5.94,2.41,0,0,0,1,0,0,10.72,0,1,0,0
2025-05-09,12.01,18.7,6.08,3.59,0,0,0,1,0,0,10.72,0,1,0,0
2025-05-10,14.78,19.79,6.22,3.86,0,0,0,1,0,0,15.28,0,1,0,0
2025-05-11,14.76,19.86,6.33,3.92,0,0,0,1,0,0,15.28,0,1,0,0
2025-05-12,14.7,19.83,6.44,4.01,0,0,0,0,0,0,15.28,0,0,0,0
2025-05-13,14.7,20.05,6.56,4.15,0,0,0,0,0,0,15.28,0,0,0,0
2025-05-14,14.75,20.86,6.65,5.0,0,0,0,0,0,0,15.28,0,0,0,0
2025-05-15,14.73,21.1,6.68,5.33,0,0,0,0,0,0,15.28,0,0,0,0
2025-05-16,14.72,21.91,6.69,5.18,0,0,0,0,0,0,15.28,0,0,0,0
2025-05-17,14.69,22.65,6.7,5.28,0,0,0,0,0,0,15.28,0,0,0,0
2025-05-18,14.61,22.7,6.7,5.35,0,0,0,0,0,0,15.28,0,0,0,0
2025-05-19,14.55,23.13,6.7,5.36,0,0,0,0,0,0,15.28,0,0,0,0
2025-05-20,14.48,23.39,6.7,5.37,0,0,0,0,0,0,15.28,0,0,0,0
2025-05-21,14.42,24.29,6.7,5.31,0,0,0,0,0,0,15.28,0,0,0,0
2025-05-22,15.12,24.87,6.71,5.33,0,0,0,0,0,0,15.28,0,0,0,0
2025-05-23,15.9,24.98,6.7,5.35,0,0,0,0,0,0,15.28,0,0,0,0
2025-05-24,16.02,25.57,6.71,5.5,0,0,0,0,0,0,15.28,0,0,0,0
2025-05-25,16.06,25.62,6.7,5.44,0,0,0,0,0,0,15.28,0,0,0,0
2025-05-26,16.06,26.18,6.7,5.35,0,0,0,0,0,0,15.28,0,0,0,0
2025-05-27,16.06,26.9,6.7,5.36,0,0,0,0,0,0,15.28,0,0,0,0
2025-05-28,16.04,27.36,6.7,5.35,0,0,0,0,0,0,15.28,0,0,0,0
2025-05-29,16.02,27.82,6.7,5.33,0,0,0,0,0,0,15.28,0,0,0,0
2025-05-30,15.99,28.24,6.7,5.41,0,0,0,0,0,0,15.28,0,0,0,0
2025-05-31,15.95,28.69,6.7,5.29,0,0,0,0,0,0,15.28,0,0,0,0
2025-06-01,15.9,28.85,6.7,5.4,0,0,0,0,0,0,15.28,0,0,0,0
2025-06-02,15.86,28.48,6.7,5.5,0,0,0,0,0,0,15.28,0,0,0,0
2025-06-03,15.8,27.29,6.69,5.36,0,0,0,0,0,0,15.28,0,0,0,0
2025-06-04,15.77,26.58,6.7,5.73,0,0,0,0,0,0,15.28,0,0,0,0
2025-06-05,15.77,27.36,6.7,5.49,0,0,0,0,0,0,15.28,0,0,0,0
2025-06-06,15.71,27.73,6.7,5.49,0,0,0,0,0,0,15.28,0,0,0,0
2025-06-07,15.68,28.24,6.7,5.51,0,0,0,0,0,0,15.28,0,0,0,0
2025-06-08,15.64,29.11,6.69,5.46,0,0,0,0,0,0,15.28,0,0,0,0
2025-06-09,15.58,29.0,6.7,5.42,0,0,0,0,0,0,15.28,0,0,0,0
2025-06-10,15.52,27.75,6.7,5.33,0,0,0,0,0,0,15.28,0,0,0,0
2025-06-11,15.58,27.57,6.7,5.68,0,0,0,0,0,0,15.28,0,0,0,0
2025-06-12,15.5,27.89,6.7,5.72,0,0,0,0,0,0,15.28,0,0,0,0
2025-06-13,15.46,28.7,6.7,5.56,0,0,0,0,0,0,15.28,0,0,0,0
2025-06-14,15.44,29.29,6.7,5.46,0,0,0,0,0,0,15.28,0,0,0,0
2025-06-15,15.41,29.71,6.7,5.42,0,0,0,0,0,0,15.28,0,0,0,0
2025-06-16,15.35,30.28,6.7,5.44,0,0,0,0,0,0,15.28,0,0,0,0
2025-06-17,15.29,30.99,6.69,5.43,0,0,0,0,0,0,15.28,0,0,0,0
2025-06-18,15.21,31.47,6.7,5.43,0,0,0,0,0,0,15.28,0,0,0,0
2025-06-19,15.09,31.28,6.69,5.47,0,0,0,0,0,0,15.28,0,0,0,0
2025-06-20,14.96,31.78,6.69,5.44,0,0,0,0,0,0,15.28,0,0,0,0
2025-06-21,14.78,32.06,6.7,5.38,0,0,0,0,0,0,15.28,0,0,0,0
2025-06-22,14.59,32.11,6.7,5.37,0,0,0,0,0,0,15.28,0,0,0,0
2025-06-23,14.41,31.67,6.7,5.4,0,0,0,0,0,0,15.28,0,0,0,0
2025-06-24,14.19,31.33,6.7,5.58,0,0,0,0,0,0,15.28,0,0,0,0
2025-06-25,13.96,30.52,6.7,5.72,0,0,0,0,0,0,15.28,0,0,0,0
2025-06-26,13.71,30.76,6.69,5.53,0,0,0,0,0,0,15.28,0,0,0,0
2025-06-27,13.44,31.16,6.69,5.46,0,0,0,0,0,0,10.72,0,0,0,0
2025-06-28,13.18,31.65,6.69,5.33,0,0,0,0,0,0,10.72,0,0,0,0
2025-06-29,12.94,32.07,6.69,5.36,0,0,0,0,0,0,10.72,0,0,0,0
2025-06-30,12.77,31.54,6.69,5.51,0,0,0,0,0,0,10.72,0,0,0,0
2025-07-01,12.52,34.36,6.72,5.6,0,0,0,0,0,0,10.72,0,0,0,0
2025-07-02,12.41,32.34,6.69,5.28,0,0,0,0,0,0,10.72,0,0,0,0
2025-07-03,12.26,32.58,6.69,5.46,0,0,0,0,0,0,10.72,0,0,0,0
2025-07-04,12.12,32.39,6.69,5.44,0,0,0,0,0,0,10.72,0,0,0,0
2025-07-05,12.02,32.5,6.69,5.36,0,0,0,0,0,0,10.72,0,0,0,0
2025-07-06,11.93,32.49,6.69,5.46,0,0,0,0,0,0,10.72,0,0,0,0
2025-07-07,11.84,32.78,6.69,5.39,0,0,0,0,0,0,10.72,0,0,0,0
2025-07-08,11.75,32.61,6.7,5.45,0,0,0,0,0,0,10.72,0,0,0,0
2025-07-09,11.69,32.34,6.69,5.38,0,0,0,0,0,0,10.72,0,0,0,0
2025-07-10,11.64,32.38,6.7,5.42,0,0,0,0,0,0,10.72,0,0,0,0
2025-07-11,11.58,31.02,6.69,5.55,0,0,0,0,0,0,10.72,0,0,0,0
2025-07-12,11.54,30.19,6.69,5.64,0,0,0,0,0,0,10.72,0,0,0,0
2025-07-13,11.47,29.97,6.69,5.47,0,0,0,0,0,0,10.72,0,0,0,0
2025-07-14,11.42,30.36,6.69,5.3,0,0,0,0,0,0,10.72,0,0,0,0
2025-07-15,11.39,31.07,6.69,5.27,0,0,0,0,0,0,10.72,0,0,0,0
2025-07-16,11.34,31.18,6.69,5.25,0,0,0,0,0,0,10.72,0,0,0,0
2025-07-17,11.3,31.6,6.69,5.25,0,0,0,0,0,0,10.72,0,0,0,0
2025-07-18,11.21,31.04,6.69,5.32,0,0,0,0,0,0,10.72,0,0,0,0
2025-07-19,11.15,30.68,6.69,5.36,0,0,0,0,0,0,10.72,0,0,0,0
2025-07-20,11.09,30.42,6.69,5.44,0,0,0,0,0,0,10.72,0,0,0,0
2025-07-21,11.05,30.42,6.69,5.33,0,0,0,0,0,0,10.72,0,0,0,0
2025-07-22,10.99,30.14,6.69,5.31,0,0,0,0,0,0,10.72,0,0,0,0
2025-07-23,10.95,30.02,6.69,5.29,0,0,0,0,0,0,10.72,0,0,0,0
2025-07-24,10.92,30.33,6.69,5.31,0,0,0,0,0,0,10.72,0,0,0,0
2025-07-25,10.9,30.91,6.69,5.28,0,0,0,0,0,0,10.72,0,0,0,0
2025-07-26,10.87,31.08,6.69,5.25,0,0,0,0,0,0,10.72,0,0,0,0
2025-07-27,10.85,31.4,6.69,5.28,0,0,0,0,0,0,10.72,0,0,0,0
2025-07-28,10.79,31.39,6.68,5.26,0,0,0,0,0,0,10.72,0,0,0,0
2025-07-29,10.74,31.22,6.69,5.27,0,0,0,0,0,0,10.72,0,0,0,0
2025-07-30,10.73,31.68,6.69,5.21,0,0,0,0,0,0,10.72,0,0,0,0
2025-07-31,10.69,31.86,6.69,5.2,0,0,0,0,0,0,10.72,0,0,0,0
2025-08-01,10.68,31.67,6.69,5.19,0,0,0,0,0,0,10.72,0,0,0,0
2025-08-02,10.67,31.82,6.68,5.16,0,0,0,0,0,0,10.72,0,0,0,0
2025-08-03,10.61,31.75,6.68,5.15,0,0,0,0,0,0,10.72,0,0,0,0
2025-08-04,10.61,32.29,6.69,5.19,0,0,0,0,0,0,10.72,0,0,0,0
2025-08-05,10.56,32.5,6.69,5.17,0,0,0,0,0,0,10.72,0,0,0,0
2025-08-06,10.51,32.39,6.68,5.21,0,0,0,0,0,0,10.72,0,0,0,0
2025-08-07,10.49,31.97,6.68,5.21,0,0,0,0,0,0,10.72,0,0,0,0
2025-08-08,10.49,32.46,6.69,5.21,0,0,0,0,0,0,10.72,0,0,0,0
2025-08-09,10.46,32.58,6.68,5.14,0,0,0,0,0,0,10.72,0,0,0,0
2025-08-10,10.42,32.46,6.68,5.16,0,0,0,0,0,0,10.72,0,0,0,0
2025-08-11,10.39,32.58,6.68,5.12,0,0,0,0,0,0,10.72,0,0,0,0
2025-08-12,10.36,32.92,6.68,5.08,0,0,0,0,0,0,10.72,0,0,0,0
2025-08-13,10.32,32.92,6.68,5.07,0,0,0,0,0,0,10.72,0,0,0,0
2025-08-14,10.29,32.74,6.68,5.09,0,0,0,0,0,0,10.72,0,0,0,0
2025-08-15,10.26,32.65,6.67,5.01,0,0,0,0,0,0,10.72,0,0,0,0
2025-08-16,10.25,32.57,6.68,5.05,0,0,0,0,0,0,10.72,0,0,0,0
2025-08-17,10.23,32.7,6.68,5.0,0,0,0,0,0,0,10.72,0,0,0,0
2025-08-18,10.21,32.27,6.68,5.01,0,0,0,0,0,0,10.72,0,0,0,0
2025-08-19,10.17,31.56,6.69,5.27,0,0,0,0,0,0,10.72,0,0,0,0
2025-08-20,10.16,30.79,6.69,5.27,0,0,0,0,0,0,10.72,0,0,0,0
2025-08-21,10.15,30.22,6.69,5.31,0,0,0,0,0,0,10.72,0,0,0,0
2025-08-22,10.12,30.26,6.68,5.12,0,0,0,0,0,0,10.72,0,0,0,0
2025-08-23,10.11,30.1,6.68,5.09,0,0,0,0,0,0,10.72,0,0,0,0
2025-08-24,10.11,30.01,6.69,5.13,0,0,0,0,0,0,10.72,0,0,0,0
2025-08-25,10.13,30.71,6.68,4.82,0,0,0,0,0,0,10.72,0,0,0,0
2025-08-26,10.15,30.95,6.69,5.05,0,0,0,0,0,0,10.72,0,0,0,0
2025-08-27,10.15,30.9,6.68,4.91,0,0,0,0,0,0,10.72,0,0,0,0
2025-08-28,10.11,29.79,6.68,5.02,0,0,0,0,0,0,10.72,0,0,0,0
2025-08-29,10.06,28.88,6.67,5.05,0,0,0,0,0,0,10.72,0,0,0,0
2025-08-30,10.06,29.17,6.67,4.96,0,0,0,0,0,0,10.72,0,0,0,0
2025-08-31,10.07,29.38,6.68,4.95,0,0,0,0,0,0,10.72,0,0,0,0
2025-09-01,10.04,28.59,6.68,5.01,0,0,0,0,0,0,10.72,0,0,0,0
2025-09-02,10.01,27.78,6.68,4.88,0,0,0,0,0,0,10.72,0,0,0,0
2025-09-03,10.02,27.78,6.67,4.75,0,0,0,0,0,0,10.72,0,0,0,0
2025-09-04,10.03,28.09,6.68,4.76,0,0,0,0,0,0,10.72,0,0,0,0
2025-09-05,10.04,28.51,6.67,4.79,0,0,0,0,0,0,10.72,0,0,0,0
2025-09-06,10.06,28.96,6.68,4.73,0,0,0,0,0,0,10.72,0,0,0,0
2025-09-07,10.08,29.15,6.68,4.68,0,0,0,0,0,0,10.72,0,0,0,0
2025-09-08,10.08,29.05,6.69,4.79,0,0,0,0,0,0,10.72,0,0,0,0
2025-09-09,10.05,27.79,6.68,4.83,0,0,0,0,0,0,10.72,0,0,0,0
2025-09-10,10.03,27.24,6.68,4.95,0,0,0,0,0,0,10.72,0,0,0,0
2025-09-11,10.06,27.84,6.67,4.69,0,0,0,0,0,0,10.72,0,0,0,0
2025-09-12,10.05,27.87,6.66,4.61,0,0,0,0,0,0,10.72,0,0,0,0
2025-09-13,10.04,27.95,6.68,4.63,0,0,0,0,0,0,10.72,0,0,0,0
2025-09-14,10.03,28.0,6.67,4.56,0,0,0,0,0,0,10.72,0,0,0,0
2025-09-15,10.02,27.7,6.67,4.59,0,0,0,0,0,0,10.72,0,0,0,0
2025-09-16,10.04,27.88,6.67,4.56,0,0,0,0,0,0,10.72,0,0,0,0
2025-09-17,10.04,27.89,6.67,4.54,0,0,0,0,0,0,10.72,0,0,0,0
2025-09-18,10.05,28.21,6.68,4.63,0,0,0,0,0,0,10.72,0,0,0,0
2025-09-19,10.04,28.2,6.68,4.53,0,0,0,0,0,0,10.72,0,0,0,0
2025-09-20,10.03,28.19,6.68,4.64,0,0,0,0,0,0,10.72,0,0,0,0
2025-09-21,10.03,28.14,6.68,4.63,0,0,0,0,0,0,10.72,0,0,0,0
2025-09-22,9.95,26.15,6.68,4.68,0,0,0,0,0,0,10.72,0,0,0,0
2025-09-23,9.94,25.06,6.67,4.7,0,0,0,0,0,0,10.72,0,0,0,0
2025-09-24,9.88,24.26,6.67,4.81,0,0,0,0,0,0,10.72,0,0,0,0
2025-09-25,10.9,23.83,6.68,4.92,0,0,0,0,0,0,10.72,0,0,0,0
2025-09-26,14.38,22.9,6.68,4.89,0,0,0,0,0,0,15.28,0,0,0,0
2025-09-27,18.85,22.5,6.67,4.81,0,0,0,0,0,0,18.45,0,0,0,0
2025-09-28,18.4,22.11,6.66,4.37,0,0,0,0,0,0,18.45,0,0,0,0
2025-09-29,18.73,22.13,6.66,4.28,0,0,0,0,0,0,18.45,0,0,0,0
2025-09-30,18.23,22.29,6.68,4.73,0,0,0,0,0,0,17.47,0,0,0,0
2025-10-01,17.68,22.47,6.68,4.74,0,0,0,0,0,0,17.47,0,0,0,0
2025-10-02,17.25,22.67,6.68,4.65,0,0,0,0,0,0,9.65,0,0,0,0
2025-10-03,9.65,27.84,6.67,4.03,0,0,1,0,0,0,4.58,0,0,0,0
2025-10-04,4.58,24.86,6.66,3.95,0,0,1,0,0,0,4.56,0,0,0,0
2025-10-05,4.88,24.14,6.64,3.82,0,0,0,0,0,0,4.56,0,0,0,0
2025-10-06,4.1,23.71,6.65,3.96,0,0,0,0,0,0,4.02,0,0,0,0
2025-10-07,3.59,24.3,6.65,3.79,0,0,0,0,0,0,4.02,0,0,0,0
2025-10-08,4.07,22.19,6.65,3.78,0,0,0,0,0,0,3.66,0,0,0,0
2025-10-09,3.56,23.4,6.66,3.92,0,0,0,0,0,0,4.02,0,0,0,0
2025-10-10,3.71,23.14,6.66,3.9,0,0,0,0,0,0,4.02,0,0,0,0
2025-10-11,3.64,22.75,6.66,4.3,0,0,0,0,0,0,4.02,0,0,0,0
2025-10-12,4.01,23.24,6.67,4.13,0,0,0,0,0,0,4.02,0,0,0,0
2025-10-13,4.15,24.93,6.67,4.06,0,0,0,0,0,0,4.02,0,0,0,0
2025-10-14,4.25,23.74,6.67,4.04,0,0,0,0,0,0,4.02,0,0,0,0
2025-10-15,4.14,23.35,6.66,4.03,0,0,0,0,0,0,4.02,0,0,0,0
2025-10-16,4.19,22.93,6.67,4.11,0,0,0,0,0,0,4.02,0,0,0,0
2025-10-17,4.45,22.26,6.67,4.14,0,0,0,0,0,0,4.56,0,0,0,0
2025-10-18,4.68,21.71,6.66,4.12,0,0,0,0,0,0,4.56,0,0,0,0
2025-10-19,4.57,21.5,6.66,4.08,0,0,0,0,0,0,5.06,0,0,0,0
2025-10-20,5.7,19.9,6.64,3.63,0,0,0,0,0,0,5.06,0,0,0,0
2025-10-21,6.23,22.05,6.65,3.7,0,0,0,0,0,0,6.44,0,0,0,0
2025-10-22,6.61,23.57,6.66,3.71,0,0,0,0,0,0,6.44,0,0,0,0
2025-10-23,6.59,23.96,6.66,3.69,0,0,0,0,0,0,6.44,0,0,0,0
2025-10-24,6.57,23.2,6.66,3.89,0,0,0,0,0,0,6.44,0,0,0,0
2025-10-25,6.33,23.1,6.67,3.74,0,0,0,0,0,0,6.44,0,0,0,0
2025-10-26,6.68,19.86,6.66,3.73,0,0,0,0,0,0,6.44,0,0,0,0
2025-10-27,5.89,19.91,6.65,3.61,0,0,0,0,0,0,5.06,0,0,0,0
2025-10-28,4.47,17.81,6.65,3.57,0,0,0,0,0,0,5.06,0,0,0,0
2025-10-29,5.24,15.52,6.51,1.94,0,0,0,0,0,0,5.06,0,0,0,0
2025-10-30,4.26,18.67,6.64,3.1,0,0,0,0,0,0,3.66,0,0,0,0
2025-10-31,3.33,17.9,6.67,3.28,0,0,0,0,0,0,3.66,0,0,0,0
2025-11-01,3.44,17.47,6.66,3.2,0,0,0,0,0,0,3.66,0,0,0,0
2025-11-02,3.77,18.34,6.65,3.18,0,0,0,0,0,0,3.66,0,0,0,0
2025-11-03,3.32,16.91,6.62,2.98,0,0,0,0,0,0,3.66,0,0,0,0
2025-11-04,3.43,17.04,6.6,3.18,0,0,0,0,0,0,3.66,0,0,0,0
2025-11-05,3.39,17.16,6.62,3.05,0,0,0,0,0,0,3.66,0,0,0,0
2025-11-06,3.97,13.96,6.63,3.0,0,0,0,0,0,0,3.66,0,0,0,0
2025-11-07,3.38,13.26,6.61,2.99,0,0,0,0,0,0,3.66,0,0,0,0
2025-11-08,3.84,16.66,6.61,2.9,0,0,0,0,0,0,3.66,0,0,0,0
2025-11-09,4.2,12.16,6.62,3.12,0,0,0,0,0,0,3.66,0,0,0,0
2025-11-10,4.32,12.96,6.61,2.94,0,0,0,0,0,0,5.06,0,0,0,0
2025-11-11,4.47,13.76,6.62,3.02,0,0,0,0,0,0,5.06,0,0,0,0
2025-11-12,4.61,15.55,6.61,2.93,0,0,0,0,0,0,5.06,0,0,0,0
2025-11-13,4.63,12.96,6.54,2.6,0,0,0,0,0,0,5.06,0,0,0,0
2025-11-14,5.38,14.05,6.57,2.5,0,0,0,0,0,0,5.06,0,0,0,0
2025-11-15,5.7,13.84,6.54,2.54,0,0,0,0,0,0,5.06,0,0,0,0
2025-11-16,4.92,15.18,6.56,2.64,0,0,0,0,0,0,5.06,0,0,0,0
2025-11-17,4.87,12.26,6.52,2.76,0,0,0,0,0,0,5.06,0,0,0,0
2025-11-18,4.23,13.17,6.54,2.69,0,0,0,0,0,0,3.66,0,0,0,0
2025-11-19,3.74,12.16,6.53,2.75,0,0,0,0,0,0,3.66,0,0,0,0
2025-11-20,3.46,11.72,6.52,2.64,0,0,0,0,0,0,3.66,0,0,0,0
2025-11-21,3.78,9.22,6.52,2.67,0,0,0,0,0,0,3.66,0,0,0,0
2025-11-22,4.16,7.76,6.52,2.69,0,0,0,0,0,0,3.66,0,0,0,0
2025-11-23,3.91,9.22,6.53,2.74,0,0,0,0,0,0,3.66,0,0,0,0
2025-11-24,3.36,8.96,6.6,2.68,0,0,0,0,0,0,3.66,0,0,0,0
2025-11-25,4.35,12.54,6.67,3.85,0,0,0,0,0,0,5.06,0,0,0,0
2025-11-26,4.14,9.75,6.69,4.17,0,0,0,0,0,0,3.66,0,0,0,0
2025-11-27,4.37,8.61,6.68,4.22,0,0,0,0,0,0,5.06,0,0,0,0
2025-11-28,4.29,8.77,6.68,4.17,0,0,0,0,0,0,5.06,0,0,0,0
2025-11-29,4.32,9.16,6.68,4.14,0,0,0,0,0,0,5.06,0,0,0,0
2025-11-30,4.73,9.78,6.66,3.39,0,0,0,0,0,0,5.06,0,0,0,0
2025-12-01,4.77,10.24,6.67,4.15,0,0,0,0,0,0,5.06,0,0,0,0
2025-12-02,4.91,9.01,6.66,3.56,0,0,0,0,0,0,5.06,0,0,0,0
2025-12-03,5.26,9.91,6.67,4.19,0,0,0,0,0,0,5.06,0,0,0,0
2025-12-04,4.83,7.94,6.66,3.04,0,0,0,0,0,0,5.06,0,0,0,0
2025-12-05,5.17,10.65,6.65,3.4,0,0,0,0,0,0,5.06,0,0,0,0
2025-12-06,4.89,12.95,6.66,3.47,0,0,0,0,0,0,5.06,0,0,0,0
2025-12-07,4.72,11.85,6.67,3.97,0,0,0,0,0,0,5.06,0,0,0,0
2025-12-08,4.83,10.27,6.66,4.06,0,0,0,0,0,0,5.06,0,0,0,0
2025-12-09,4.79,10.19,6.66,4.06,0,0,0,0,0,0,5.06,0,0,0,0
2025-12-10,5.13,10.87,6.64,2.96,0,0,0,0,0,0,5.06,0,0,0,0
2025-12-11,5.29,11.26,6.66,4.06,0,0,0,0,0,0,5.06,0,0,0,0
2025-12-12,4.62,11.53,6.66,3.82,0,0,0,0,0,0,5.06,0,0,0,0
2025-12-13,4.26,12.88,6.66,4.02,0,0,0,0,0,0,3.66,0,0,0,0
2025-12-14,3.95,10.66,6.66,3.88,0,0,0,0,0,0,3.66,0,0,0,0
2025-12-15,4.47,10.04,6.65,3.93,0,0,0,0,0,0,5.06,0,0,0,0
2025-12-16,5.86,10.42,6.65,3.79,0,0,0,0,0,0,5.06,0,0,0,0
2025-12-17,5.38,9.89,6.65,4.09,0,0,0,0,0,0,5.06,0,0,0,0
2025-12-18,5.03,9.97,6.65,3.92,0,0,0,0,0,0,5.06,0,0,0,0
2025-12-19,4.62,9.91,6.64,3.56,0,0,0,0,0,0,5.06,0,0,0,0
2025-12-20,5.32,9.81,6.63,2.87,0,0,0,0,0,0,5.06,0,0,0,0
2025-12-21,6.04,9.18,6.61,2.79,0,0,0,0,0,0,6.44,0,0,0,0
2025-12-22,5.67,6.92,6.64,3.83,0,0,0,0,0,0,5.06,0,0,0,0
2025-12-23,5.55,8.07,6.63,3.08,0,0,0,0,0,0,5.06,0,0,0,0
2025-12-24,5.43,9.54,6.65,3.88,0,0,0,0,0,0,5.06,0,0,0,0
2025-12-25,5.2,8.76,6.66,4.03,0,0,0,0,0,0,5.06,0,0,0,0
2025-12-26,4.95,8.54,6.65,3.86,0,0,0,0,0,0,5.06,0,0,0,0
2025-12-27,5.08,7.5,6.65,3.8,0,0,0,0,0,0,5.06,0,0,0,0
2025-12-28,5.59,8.93,6.64,3.44,0,0,0,0,0,0,5.06,0,0,0,0
2025-12-29,5.3,8.09,6.65,4.08,0,0,0,0,0,0,5.06,0,0,0,0
2025-12-30,5.07,6.69,6.64,3.99,0,0,0,0,0,0,5.06,0,0,0,0
2025-12-31,5.19,7.57,6.65,5.05,0,0,0,0,0,0,5.06,0,0,0,0
2026-01-01,4.64,8.78,6.64,1.9,0,0,0,0,0,0,0.82,0,0,0,0
2026-01-02,4.67,8.73,6.64,3.7,0,0,0,0,0,0,0.82,0,0,0,0
2026-01-03,4.84,9.37,6.63,2.98,0,0,0,0,0,0,0.82,0,0,0,0
2026-01-04,5.3,10.51,6.63,3.29,0,0,0,0,0,0,0.82,0,0,0,0
2026-01-05,4.99,10.44,6.65,3.61,0,0,0,0,0,0,0.82,0,0,0,0
2026-01-06,4.31,6.63,6.65,4.19,0,0,0,0,0,0,0.82,0,0,0,0
2026-01-07,4.0,5.16,6.64,4.01,0,0,0,0,0,0,0.82,0,0,0,0
2026-01-08,4.08,7.41,6.65,4.12,0,0,0,0,0,0,0.82,0,0,0,0
2026-01-09,4.03,8.37,6.63,3.18,0,0,0,0,0,0,0.82,0,0,0,0
2026-01-10,4.19,8.17,6.64,3.85,0,0,0,0,0,0,0.82,0,0,0,0
2026-01-11,4.47,6.71,6.64,4.07,0,0,0,0,0,0,0.82,0,0,0,0
2026-01-12,4.34,7.44,6.65,4.13,0,0,0,0,0,0,0.82,0,0,0,0
2026-01-13,4.66,7.0,6.65,3.67,0,0,0,0,0,0,0.82,0,0,0,0
2026-01-14,5.16,8.99,6.64,3.65,0,0,0,0,0,0,0.82,0,0,0,0
2026-01-15,4.86,7.87,6.64,3.56,0,0,0,0,0,0,0.82,0,0,0,0
2026-01-16,5.4,10.44,6.65,3.91,0,0,0,0,0,0,0.82,0,0,0,0
2026-01-17,5.03,8.93,6.65,3.99,0,0,0,0,0,0,0.82,0,0,0,0
2026-01-18,4.79,7.88,6.66,4.21,0,0,0,0,0,0,0.82,0,0,0,0
2026-01-19,4.62,7.07,6.65,4.22,0,0,0,0,0,0,0.82,0,0,0,0
2026-01-20,4.45,6.92,6.66,4.28,0,0,0,0,0,0,0.82,0,0,0,0
2026-01-21,5.25,6.21,6.62,3.13,0,0,0,0,0,0,0.82,0,0,0,0
2026-01-22,5.66,8.59,6.64,3.5,0,0,0,0,0,0,0.82,0,0,0,0
2026-01-23,10.28,10.23,6.65,3.88,0,0,0,0,0,0,1.18,0,0,0,0
2026-01-24,7.41,8.65,6.65,4.14,0,0,0,0,0,0,1.18,0,0,0,0
2026-01-25,7.54,9.25,6.64,3.31,0,0,0,0,0,0,1.18,0,0,0,0
2026-01-26,7.72,11.66,6.65,3.4,0,0,0,0,0,0,1.18,0,0,0,0
2026-01-27,8.2,11.57,6.63,3.16,0,0,0,0,0,0,1.18,0,0,0,0
2026-01-28,9.38,11.61,6.66,3.73,0,0,0,0,0,0,1.18,0,0,0,0
2026-01-29,9.29,12.85,6.63,3.0,0,0,0,0,0,0,1.18,0,0,0,0
2026-01-30,8.17,10.92,6.64,3.75,0,0,0,0,0,0,1.18,0,0,0,0
2026-01-31,7.81,10.4,6.66,4.36,0,0,0,0,0,0,1.18,0,0,0,0
2026-02-01,8.21,9.89,6.64,3.44,0,0,0,0,0,0,1.18,0,0,0,0
2026-02-02,8.43,10.66,6.63,3.41,0,0,0,0,0,0,1.18,0,0,0,0
2026-02-03,8.13,10.08,6.64,3.85,0,0,0,0,0,0,1.18,0,0,0,0
2026-02-04,22.17,11.14,6.63,2.97,0,1,0,0,0,0,21.63,0,0,0,0
2026-02-05,15.01,13.72,6.65,4.01,0,0,1,0,0,0,15.28,0,0,0,0
2026-02-06,10.33,11.78,6.66,3.82,0,0,0,0,0,0,1.18,0,0,0,0
2026-02-07,25.14,9.57,6.63,3.09,0,1,0,0,0,0,24.93,0,0,0,0
2026-02-08,14.23,11.0,6.66,4.47,0,0,1,0,0,0,15.28,0,0,0,0
2026-02-09,11.2,12.42,6.66,3.82,0,0,0,0,0,0,1.18,0,0,0,0
2026-02-10,10.88,13.74,6.63,3.16,0,0,0,0,0,0,1.18,0,0,0,0
2026-02-11,18.54,13.83,6.63,3.11,0,1,0,0,0,0,18.45,0,0,0,0
2026-02-12,10.77,14.68,6.67,4.31,0,0,1,0,0,0,1.18,0,0,0,0
2026-02-13,11.07,13.44,6.67,4.15,0,0,0,0,0,0,1.18,0,0,0,0
2026-02-14,10.04,10.98,6.67,4.58,0,0,0,0,0,0,1.18,0,0,0,0
2026-02-15,9.81,9.96,6.67,4.57,0,0,0,0,0,0,1.18,0,0,0,0
2026-02-16,9.56,10.9,6.66,4.07,0,0,0,0,0,0,1.18,0,0,0,0
2026-02-17,9.54,13.44,6.67,4.3,0,0,0,0,0,0,1.18,0,0,0,0
2026-02-18,9.56,10.85,6.66,3.67,0,0,0,0,0,0,1.18,0,0,0,0
2026-02-19,9.71,11.65,6.67,4.55,0,0,0,0,0,0,1.18,0,0,0,0
2026-02-20,9.56,10.3,6.66,4.59,0,0,0,0,0,0,1.18,0,0,0,0
2026-02-21,9.56,10.93,6.67,4.59,0,0,0,0,0,0,1.18,0,0,0,0
2026-02-22,9.52,11.46,6.67,4.5,0,0,0,0,0,0,1.18,0,0,0,0
2026-02-23,9.42,11.98,6.67,4.55,0,0,0,0,0,0,1.18,0,0,0,0
2026-02-24,9.32,12.08,6.67,4.68,0,0,0,0,0,0,1.18,0,0,0,0
2026-02-25,9.1,12.47,6.67,4.64,0,0,0,0,0,0,1.18,0,0,0,0
2026-02-26,8.96,13.04,6.68,4.63,0,0,0,0,0,0,1.18,0,0,0,0
2026-02-27,8.92,12.87,6.67,4.68,0,0,0,0,0,0,1.18,0,0,0,0
2026-02-28,8.72,13.31,6.67,4.52,0,0,0,0,0,0,1.18,0,0,0,0
2026-03-01,8.74,12.6,6.68,4.64,0,0,0,0,0,0,10.72,0,0,0,0
2026-03-02,8.68,12.23,6.67,4.67,0,0,0,0,0,0,10.72,0,0,0,0
2026-03-03,8.51,13.28,6.68,4.79,0,0,0,0,0,0,10.72,0,0,0,0
2026-03-04,8.92,11.81,6.66,3.81,0,0,0,0,0,0,10.72,0,0,0,0
2026-03-05,10.04,11.51,6.66,4.52,0,0,0,0,0,0,10.72,0,0,0,0
2026-03-06,10.29,11.14,6.66,4.27,0,0,0,0,0,0,10.72,0,0,0,0
2026-03-07,10.2,12.22,6.67,4.66,0,0,0,0,0,0,10.72,0,0,0,0
2026-03-08,10.19,11.89,6.66,4.16,0,0,0,0,0,0,10.72,0,0,0,0
2026-03-09,10.68,11.6,6.66,4.66,0,0,0,0,0,0,10.72,0,0,0,0
2026-03-10,10.73,11.1,6.67,4.83,0,0,0,0,0,0,10.72,0,0,0,0
2026-03-11,10.49,11.53,6.67,4.89,0,0,0,0,0,0,10.72,0,0,0,0
2026-03-12,9.97,13.09,6.68,4.88,0,0,0,0,0,0,10.72,0,0,0,0
2026-03-13,9.69,13.6,6.68,4.85,0,0,0,0,0,0,10.72,0,0,0,0
2026-03-14,9.22,13.8,6.68,4.9,0,0,0,0,0,0,10.72,0,0,0,0
2026-03-15,8.97,14.57,6.68,4.89,0,0,0,0,0,0,10.72,0,0,0,0
2026-03-16,9.06,13.04,6.68,4.99,0,0,0,0,0,0,10.72,0,0,0,0
2026-03-17,8.97,13.61,6.68,4.84,0,0,0,0,0,0,10.72,0,0,0,0
2026-03-18,8.79,13.76,6.68,4.86,0,0,0,0,0,0,10.72,0,0,0,0
2026-03-19,8.78,14.75,6.69,4.86,0,0,0,0,0,0,10.72,0,0,0,0
2026-03-20,9.16,14.36,6.67,4.55,0,0,0,0,0,0,10.72,0,0,0,0
2026-03-21,9.67,15.24,6.68,4.88,0,0,0,0,0,0,10.72,0,0,0,0
2026-03-22,9.09,15.64,6.69,4.93,0,0,0,0,0,0,10.72,0,0,0,0
2026-03-23,9.07,14.9,6.68,4.99,0,0,0,0,0,0,10.72,0,0,0,0
2026-03-24,8.74,15.59,6.69,4.97,0,0,0,0,0,0,10.72,0,0,0,0
2026-03-25,8.64,15.08,6.68,5.0,0,0,0,0,0,0,10.72,0,0,0,0
2026-03-26,8.5,14.81,6.68,5.02,0,0,0,0,0,0,10.72,0,0,0,0
2026-03-27,8.33,13.68,6.68,5.07,0,0,0,0,0,0,10.72,0,0,0,0
2026-03-28,8.4,14.0,6.68,4.98,0,0,0,0,0,0,10.72,0,0,0,0
2026-03-29,8.08,13.09,6.68,5.11,0,0,0,0,0,0,10.72,0,0,0,0
2026-03-30,7.88,12.65,6.68,5.11,0,0,0,0,0,0,10.72,0,0,0,0
2026-03-31,7.9,14.16,6.68,4.93,0,0,0,0,0,0,10.72,0,0,0,0
2026-04-01,7.76,15.32,6.69,5.01,0,0,0,0,0,0,10.72,0,0,0,0
2026-04-02,7.9,14.08,6.68,5.09,0,0,0,0,0,0,10.72,0,0,0,0
2026-04-03,7.91,13.97,6.68,5.1,0,0,0,0,0,0,10.72,0,0,0,0
2026-04-04,7.88,14.86,6.68,5.04,0,0,0,0,0,0,10.72,0,0,0,0
2026-04-05,7.79,15.37,6.68,5.04,0,0,0,0,0,0,10.72,0,0,0,0
2026-04-06,7.69,15.95,6.69,4.98,0,0,0,0,0,0,10.72,0,0,0,0
2026-04-07,7.6,15.97,6.69,4.9,0,0,0,0,0,0,10.72,0,0,0,0
2026-04-08,10.65,13.14,6.64,4.27,0,0,0,0,0,0,10.72,0,0,0,0
2026-04-09,7.34,14.87,6.6,3.74,0,0,0,0,0,0,10.72,0,0,0,0
2026-04-10,3.08,16.13,6.51,2.5,0,0,0,0,0,0,0.82,0,0,0,0
2026-04-11,3.09,16.34,6.5,2.21,0,0,0,0,0,0,0.82,0,0,0,0
2026-04-12,3.08,16.32,6.5,2.67,0,0,0,0,0,0,0.82,0,0,0,0
2026-04-13,2.83,14.07,6.5,2.91,0,0,0,0,0,0,0.82,0,0,0,0
2026-04-14,2.72,13.9,6.49,2.57,0,0,0,0,0,0,0.82,0,0,0,0
2026-04-15,2.78,15.58,6.5,2.51,0,0,0,0,0,0,0.82,0,0,0,0
2026-04-16,2.81,17.18,6.5,2.7,0,0,0,0,0,0,0.82,0,0,0,0
2026-04-17,2.81,17.77,6.5,3.03,0,0,0,0,0,0,0.82,0,0,0,0
2026-04-18,2.81,18.15,6.49,2.66,0,0,0,0,0,0,0.82,0,0,0,0
2026-04-19,2.78,17.97,6.49,2.84,0,0,0,0,0,0,0.82,0,0,0,0
2026-04-20,2.77,17.9,6.48,3.1,0,0,0,0,0,0,0.82,0,0,0,0
2026-04-21,2.74,17.24,6.48,2.37,0,0,0,0,0,0,0.82,0,0,0,0
2026-04-22,2.67,18.94,6.55,1.57,0,0,0,0,0,0,1.87,0,0,0,0
2026-04-23,2.71,19.88,6.49,0.33,0,0,0,0,1,0,1.87,0,0,1,0
2026-04-24,2.71,20.0,6.47,0.05,0,0,0,0,1,0,1.87,0,0,1,0
2026-04-25,2.69,19.35,6.46,0.09,0,0,0,0,1,0,1.87,0,0,1,0
2026-04-26,2.7,19.66,6.46,0.32,0,0,0,0,1,0,1.87,0,0,1,0
2026-04-27,2.66,19.83,6.45,0.31,0,0,0,0,1,0,1.87,0,0,1,0
2026-04-28,2.69,20.24,6.45,0.15,0,0,0,0,1,0,1.87,0,0,1,0
2026-04-29,2.68,19.96,6.45,0.02,0,0,0,0,1,0,1.87,0,0,1,0
